,keywords,number_of_times_word_appeared,tf,idf,tf_idf
1169,in,505,0.01654273266288859,-6.22455842927536,-0.10297120604003199
719,an,497,0.016280669571199266,-6.208590026096629,-0.10108000271792264
595,th,475,0.015559996069053625,-6.163314804034641,-0.09590115412311903
932,es,441,0.014446227929373997,-6.089044875446846,-0.08796373014289184
36,al,399,0.013070396698005044,-5.988961416889864,-0.07827810152779689
154,the,303,0.009925639597733155,-5.713732805509369,-0.05671245258523074
123,at,272,0.008910145117437023,-5.605802066295998,-0.04994850991032566
553,st,272,0.008910145117437023,-5.605802066295998,-0.04994850991032566
163,ed,256,0.008386018934058374,-5.545177444479562,-0.04650196304211904
391,on,242,0.007927408523602058,-5.488937726156687,-0.043513051715855414
11,ing,194,0.006355029973466112,-5.267858159063328,-0.03347739649681546
32,ani,188,0.0061584826546991185,-5.236441962829949,-0.03224853700042685
934,of,181,0.00592917744947096,-5.198497031265826,-0.03082281136892307
785,or,175,0.005732630130703967,-5.1647859739235145,-0.02960780769275117
456,mal,174,0.005699872244242801,-5.159055299214529,-0.029405956106506634
42,to,174,0.005699872244242801,-5.159055299214529,-0.029405956106506634
1092,anim,172,0.005634356471320471,-5.147494476813453,-0.029002818816520257
1079,animal,170,0.005568840698398139,-5.135798437050262,-0.028600443355015052
563,et,169,0.005536082811936974,-5.1298987149230735,-0.028399544102663196
354,and,150,0.004913682969174829,-5.0106352940962555,-0.024620673309347082
764,is,141,0.004618861991024339,-4.948759890378168,-0.022857638960373496
722,tes,129,0.0042257673534903525,-4.859812404361672,-0.02053643660243901
852,ts,122,0.003996462148262194,-4.804021044733257,-0.019199088264731462
122,it,119,0.0038981884888786974,-4.77912349311153,-0.018629924187777116
515,test,115,0.0037671569430340356,-4.74493212836325,-0.017874904011588883
411,be,108,0.0035378517378058766,-4.68213122712422,-0.016564686098516582
1096,ting,106,0.003472335964883546,-4.663439094112067,-0.016193027286529275
100,res,104,0.003406820191961215,-4.6443908991413725,-0.01582260469455573
145,as,98,0.0032102728731942215,-4.584967478670572,-0.014718996721253843
1095,med,98,0.0032102728731942215,-4.584967478670572,-0.014718996721253843
445,ci,97,0.003177514986733056,-4.574710978503383,-0.014536212694166743
980,ec,95,0.003111999213810725,-4.553876891600541,-0.014171661306451712
588,na,92,0.003013725554427228,-4.5217885770490405,-0.013627429786369827
350,als,88,0.0028826940085825664,-4.477336814478207,-0.01290679200950248
967,ns,84,0.002751662462737904,-4.430816798843313,-0.012192112264645668
703,testing,84,0.002751662462737904,-4.430816798843313,-0.012192112264645668
450,ese,79,0.0025878730304320766,-4.3694478524670215,-0.01130757625527876
329,ou,73,0.0023913257116650833,-4.290459441148391,-0.010259885976474351
1107,for,73,0.0023913257116650833,-4.290459441148391,-0.010259885976474351
388,men,65,0.0021292626199757594,-4.174387269895637,-0.00888836677509144
667,animals,65,0.0021292626199757594,-4.174387269895637,-0.00888836677509144
526,ter,64,0.0020965047335145936,-4.1588830833596715,-0.00871911807039732
285,ac,61,0.001998231074131097,-4.110873864173311,-0.00821447589722449
885,no,60,0.0019654731876699314,-4.0943445622221,-0.008047324458129721
552,use,59,0.001932715301208766,-4.07753744390572,-0.007880719009088264
670,arch,58,0.0018999574147476005,-4.060443010546419,-0.007714668805047739
777,ot,57,0.001867199528286435,-4.04305126783455,-0.007549183420138545
386,medica,57,0.001867199528286435,-4.04305126783455,-0.007549183420138545
253,earch,56,0.0018344416418252694,-4.02535169073515,-0.007384272764476312
171,that,56,0.0018344416418252694,-4.02535169073515,-0.007384272764476312
596,researc,56,0.0018344416418252694,-4.02535169073515,-0.007384272764476312
780,research,55,0.0018016837553641038,-4.007333185232471,-0.007219947102164835
331,eri,55,0.0018016837553641038,-4.007333185232471,-0.007219947102164835
104,medical,54,0.0017689258689029383,-3.9889840465642745,-0.007056217070608668
209,con,49,0.0016051364365971107,-3.891820298110627,-0.006246902565185597
338,cosmetic,47,0.0015396206636747796,-3.8501476017100584,-0.005927766805790702
19,so,47,0.0015396206636747796,-3.8501476017100584,-0.005927766805790702
1124,if,46,0.001506862777213614,-3.828641396489095,-0.005769237207668567
903,cosmetics,45,0.0014741048907524488,-3.8066624897703196,-0.005611419793614321
1166,rs,44,0.0014413470042912832,-3.784189633918261,-0.0054543303925182135
661,hum,43,0.0014085891178301176,-3.7612001156935624,-0.005297985552947332
524,human,42,0.001375831231368952,-3.7376696182833684,-0.005142402593373128
850,com,42,0.001375831231368952,-3.7376696182833684,-0.005142402593373128
1075,ted,41,0.0013430733449077865,-3.713572066704308,-0.004987599657184677
468,are,41,0.0013430733449077865,-3.713572066704308,-0.004987599657184677
92,nat,37,0.0012120417990631246,-3.6109179126442243,-0.004376583443110568
635,ber,37,0.0012120417990631246,-3.6109179126442243,-0.004376583443110568
133,ble,36,0.001179283912601959,-3.58351893845611,-0.00422598623462574
528,medicine,35,0.0011465260261407934,-3.5553480614894135,-0.004076299084486831
1043,mb,34,0.001113768139679628,-3.5263605246161616,-0.003927548001341419
579,exp,34,0.001113768139679628,-3.5263605246161616,-0.003927548001341419
1122,ver,33,0.0010810102532184623,-3.4965075614664802,-0.003779760524401148
259,expe,32,0.0010482523667572968,-3.4657359027997265,-0.0036329658626655503
668,mo,31,0.0010154944802961312,-3.4339872044851463,-0.0034871950515622083
162,sc,30,0.0009827365938349657,-3.4011973816621555,-0.0033424811298150706
455,ethics,30,0.0009827365938349657,-3.4011973816621555,-0.0033424811298150706
501,we,29,0.0009499787073738002,-3.367295829986474,-0.0031988593399157384
867,bio,29,0.0009499787073738002,-3.367295829986474,-0.0031988593399157384
906,stud,28,0.0009172208209126347,-3.332204510175204,-0.0030563673562716844
702,can,25,0.0008189471615291381,-3.2188758248682006,-0.002636089220090576
1077,all,24,0.0007861892750679726,-3.1780538303479458,-0.002498551837008245
585,alternative,22,0.0007206735021456416,-3.0910424533583156,-0.0022276323901425934
956,not,22,0.0007206735021456416,-3.0910424533583156,-0.0022276323901425934
306,ste,21,0.000687915615684476,-3.044522437723423,-0.0020943745272117105
102,from,21,0.000687915615684476,-3.044522437723423,-0.0020943745272117105
760,ory,21,0.000687915615684476,-3.044522437723423,-0.0020943745272117105
284,sci,20,0.0006551577292233105,-2.995732273553991,-0.001962677153702618
121,ys,19,0.0006223998427621449,-2.9444389791664407,-0.0018326183576559234
475,gene,19,0.0006223998427621449,-2.9444389791664407,-0.0018326183576559234
784,rg,18,0.0005896419563009795,-2.890371757896165,-0.0017042844577629958
869,number,18,0.0005896419563009795,-2.890371757896165,-0.0017042844577629958
874,this,18,0.0005896419563009795,-2.890371757896165,-0.0017042844577629958
88,other,18,0.0005896419563009795,-2.890371757896165,-0.0017042844577629958
875,acceptable,18,0.0005896419563009795,-2.890371757896165,-0.0017042844577629958
560,ations,17,0.000556884069839814,-2.833213344056216,-0.0015777713777624946
219,lternatives,17,0.000556884069839814,-2.833213344056216,-0.0015777713777624946
469,lab,17,0.000556884069839814,-2.833213344056216,-0.0015777713777624946
85,uk,17,0.000556884069839814,-2.833213344056216,-0.0015777713777624946
94,hist,16,0.0005241261833786484,-2.772588722239781,-0.00145318634506622
789,mm,16,0.0005241261833786484,-2.772588722239781,-0.00145318634506622
120,with,16,0.0005241261833786484,-2.772588722239781,-0.00145318634506622
1153,alternatives,16,0.0005241261833786484,-2.772588722239781,-0.00145318634506622
944,studies,16,0.0005241261833786484,-2.772588722239781,-0.00145318634506622
170,conduct,16,0.0005241261833786484,-2.772588722239781,-0.00145318634506622
655,its,15,0.0004913682969174828,-2.70805020110221,-0.0013306500152826398
402,such,15,0.0004913682969174828,-2.70805020110221,-0.0013306500152826398
1162,riments,15,0.0004913682969174828,-2.70805020110221,-0.0013306500152826398
695,inc,15,0.0004913682969174828,-2.70805020110221,-0.0013306500152826398
902,our,15,0.0004913682969174828,-2.70805020110221,-0.0013306500152826398
1047,field,15,0.0004913682969174828,-2.70805020110221,-0.0013306500152826398
769,tests,15,0.0004913682969174828,-2.70805020110221,-0.0013306500152826398
1134,necessary,15,0.0004913682969174828,-2.70805020110221,-0.0013306500152826398
1154,experiments,14,0.00045861041045631735,-2.639057329615259,-0.0012102991651526066
578,using,14,0.00045861041045631735,-2.639057329615259,-0.0012102991651526066
532,used,14,0.00045861041045631735,-2.639057329615259,-0.0012102991651526066
194,subject,14,0.00045861041045631735,-2.639057329615259,-0.0012102991651526066
483,view,13,0.00042585252399515185,-2.5649493574615367,-0.0010922901577947383
592,experimentation,13,0.00042585252399515185,-2.5649493574615367,-0.0010922901577947383
1141,nov,13,0.00042585252399515185,-2.5649493574615367,-0.0010922901577947383
897,involve,12,0.0003930946375339863,-2.4849066497880004,-0.0009768034788042062
380,have,12,0.0003930946375339863,-2.4849066497880004,-0.0009768034788042062
471,how,12,0.0003930946375339863,-2.4849066497880004,-0.0009768034788042062
197,indica,12,0.0003930946375339863,-2.4849066497880004,-0.0009768034788042062
659,ication,12,0.0003930946375339863,-2.4849066497880004,-0.0009768034788042062
357,here,12,0.0003930946375339863,-2.4849066497880004,-0.0009768034788042062
67,these,12,0.0003930946375339863,-2.4849066497880004,-0.0009768034788042062
109,by,12,0.0003930946375339863,-2.4849066497880004,-0.0009768034788042062
1027,out,12,0.0003930946375339863,-2.4849066497880004,-0.0009768034788042062
252,november,11,0.0003603367510728208,-2.3978952727983707,-0.0008640497920130402
1137,genet,11,0.0003603367510728208,-2.3978952727983707,-0.0008640497920130402
376,history,11,0.0003603367510728208,-2.3978952727983707,-0.0008640497920130402
451,unacceptable,11,0.0003603367510728208,-2.3978952727983707,-0.0008640497920130402
243,people,11,0.0003603367510728208,-2.3978952727983707,-0.0008640497920130402
1036,journal,11,0.0003603367510728208,-2.3978952727983707,-0.0008640497920130402
535,volume,11,0.0003603367510728208,-2.3978952727983707,-0.0008640497920130402
827,indicate,11,0.0003603367510728208,-2.3978952727983707,-0.0008640497920130402
12,also,10,0.00032757886461165525,-2.3025850929940455,-0.000754278210434712
913,fig,10,0.00032757886461165525,-2.3025850929940455,-0.000754278210434712
478,there,10,0.00032757886461165525,-2.3025850929940455,-0.000754278210434712
96,rec,10,0.00032757886461165525,-2.3025850929940455,-0.000754278210434712
959,part,10,0.00032757886461165525,-2.3025850929940455,-0.000754278210434712
254,humans,10,0.00032757886461165525,-2.3025850929940455,-0.000754278210434712
1094,eu,10,0.00032757886461165525,-2.3025850929940455,-0.000754278210434712
947,some,10,0.00032757886461165525,-2.3025850929940455,-0.000754278210434712
1127,study,10,0.00032757886461165525,-2.3025850929940455,-0.000754278210434712
637,appl,10,0.00032757886461165525,-2.3025850929940455,-0.000754278210434712
117,were,10,0.00032757886461165525,-2.3025850929940455,-0.000754278210434712
833,find,10,0.00032757886461165525,-2.3025850929940455,-0.000754278210434712
805,genetic,10,0.00032757886461165525,-2.3025850929940455,-0.000754278210434712
287,subjects,10,0.00032757886461165525,-2.3025850929940455,-0.000754278210434712
418,ethical,10,0.00032757886461165525,-2.3025850929940455,-0.000754278210434712
773,product,9,0.00029482097815048975,-2.1972245773362196,-0.0006477878991065606
601,rough,9,0.00029482097815048975,-2.1972245773362196,-0.0006477878991065606
964,drug,9,0.00029482097815048975,-2.1972245773362196,-0.0006477878991065606
324,look,9,0.00029482097815048975,-2.1972245773362196,-0.0006477878991065606
174,disease,9,0.00029482097815048975,-2.1972245773362196,-0.0006477878991065606
203,stem,9,0.00029482097815048975,-2.1972245773362196,-0.0006477878991065606
378,under,9,0.00029482097815048975,-2.1972245773362196,-0.0006477878991065606
907,compl,9,0.00029482097815048975,-2.1972245773362196,-0.0006477878991065606
496,do,9,0.00029482097815048975,-2.1972245773362196,-0.0006477878991065606
1098,most,9,0.00029482097815048975,-2.1972245773362196,-0.0006477878991065606
905,biol,9,0.00029482097815048975,-2.1972245773362196,-0.0006477878991065606
78,scientific,9,0.00029482097815048975,-2.1972245773362196,-0.0006477878991065606
77,tel,9,0.00029482097815048975,-2.1972245773362196,-0.0006477878991065606
1013,only,9,0.00029482097815048975,-2.1972245773362196,-0.0006477878991065606
554,new,9,0.00029482097815048975,-2.1972245773362196,-0.0006477878991065606
1157,resent,9,0.00029482097815048975,-2.1972245773362196,-0.0006477878991065606
555,researcher,9,0.00029482097815048975,-2.1972245773362196,-0.0006477878991065606
741,rep,9,0.00029482097815048975,-2.1972245773362196,-0.0006477878991065606
1108,was,8,0.0002620630916893242,-2.0794415416798357,-0.0005449448793998325
694,issue,8,0.0002620630916893242,-2.0794415416798357,-0.0005449448793998325
34,data,8,0.0002620630916893242,-2.0794415416798357,-0.0005449448793998325
792,etely,8,0.0002620630916893242,-2.0794415416798357,-0.0005449448793998325
317,however,8,0.0002620630916893242,-2.0794415416798357,-0.0005449448793998325
333,public,8,0.0002620630916893242,-2.0794415416798357,-0.0005449448793998325
74,cons,8,0.0002620630916893242,-2.0794415416798357,-0.0005449448793998325
591,rev,8,0.0002620630916893242,-2.0794415416798357,-0.0005449448793998325
819,deve,8,0.0002620630916893242,-2.0794415416798357,-0.0005449448793998325
1080,bioethics,8,0.0002620630916893242,-2.0794415416798357,-0.0005449448793998325
814,they,8,0.0002620630916893242,-2.0794415416798357,-0.0005449448793998325
712,kabene,8,0.0002620630916893242,-2.0794415416798357,-0.0005449448793998325
1170,purpose,8,0.0002620630916893242,-2.0794415416798357,-0.0005449448793998325
652,finding,8,0.0002620630916893242,-2.0794415416798357,-0.0005449448793998325
425,through,8,0.0002620630916893242,-2.0794415416798357,-0.0005449448793998325
540,been,8,0.0002620630916893242,-2.0794415416798357,-0.0005449448793998325
126,researchers,8,0.0002620630916893242,-2.0794415416798357,-0.0005449448793998325
551,but,8,0.0002620630916893242,-2.0794415416798357,-0.0005449448793998325
618,biological,8,0.0002620630916893242,-2.0794415416798357,-0.0005449448793998325
221,ased,7,0.00022930520522815867,-1.9459101490553135,-0.00044620732608468546
720,conducted,7,0.00022930520522815867,-1.9459101490553135,-0.00044620732608468546
234,which,7,0.00022930520522815867,-1.9459101490553135,-0.00044620732608468546
914,one,7,0.00022930520522815867,-1.9459101490553135,-0.00044620732608468546
872,method,7,0.00022930520522815867,-1.9459101490553135,-0.00044620732608468546
622,org,7,0.00022930520522815867,-1.9459101490553135,-0.00044620732608468546
70,ws,7,0.00022930520522815867,-1.9459101490553135,-0.00044620732608468546
517,develop,7,0.00022930520522815867,-1.9459101490553135,-0.00044620732608468546
881,sk,7,0.00022930520522815867,-1.9459101490553135,-0.00044620732608468546
853,issues,7,0.00022930520522815867,-1.9459101490553135,-0.00044620732608468546
851,significant,7,0.00022930520522815867,-1.9459101490553135,-0.00044620732608468546
240,available,7,0.00022930520522815867,-1.9459101490553135,-0.00044620732608468546
845,present,7,0.00022930520522815867,-1.9459101490553135,-0.00044620732608468546
804,purposes,7,0.00022930520522815867,-1.9459101490553135,-0.00044620732608468546
507,prot,7,0.00022930520522815867,-1.9459101490553135,-0.00044620732608468546
433,cell,7,0.00022930520522815867,-1.9459101490553135,-0.00044620732608468546
288,rials,7,0.00022930520522815867,-1.9459101490553135,-0.00044620732608468546
1081,products,7,0.00022930520522815867,-1.9459101490553135,-0.00044620732608468546
599,whether,7,0.00022930520522815867,-1.9459101490553135,-0.00044620732608468546
37,their,7,0.00022930520522815867,-1.9459101490553135,-0.00044620732608468546
836,octo,7,0.00022930520522815867,-1.9459101490553135,-0.00044620732608468546
192,completely,7,0.00022930520522815867,-1.9459101490553135,-0.00044620732608468546
813,conducting,7,0.00022930520522815867,-1.9459101490553135,-0.00044620732608468546
1020,advance,6,0.00019654731876699315,-1.791759469228055,-0.00035216551955214495
311,state,6,0.00019654731876699315,-1.791759469228055,-0.00035216551955214495
621,very,6,0.00019654731876699315,-1.791759469228055,-0.00035216551955214495
401,provid,6,0.00019654731876699315,-1.791759469228055,-0.00035216551955214495
241,findings,6,0.00019654731876699315,-1.791759469228055,-0.00035216551955214495
1090,benefit,6,0.00019654731876699315,-1.791759469228055,-0.00035216551955214495
1091,europe,6,0.00019654731876699315,-1.791759469228055,-0.00035216551955214495
143,time,6,0.00019654731876699315,-1.791759469228055,-0.00035216551955214495
739,diseases,6,0.00019654731876699315,-1.791759469228055,-0.00035216551955214495
131,being,6,0.00019654731876699315,-1.791759469228055,-0.00035216551955214495
536,system,6,0.00019654731876699315,-1.791759469228055,-0.00035216551955214495
273,has,6,0.00019654731876699315,-1.791759469228055,-0.00035216551955214495
883,determine,6,0.00019654731876699315,-1.791759469228055,-0.00035216551955214495
337,process,6,0.00019654731876699315,-1.791759469228055,-0.00035216551955214495
1014,drugs,6,0.00019654731876699315,-1.791759469228055,-0.00035216551955214495
35,http,6,0.00019654731876699315,-1.791759469228055,-0.00035216551955214495
1150,society,6,0.00019654731876699315,-1.791759469228055,-0.00035216551955214495
953,more,6,0.00019654731876699315,-1.791759469228055,-0.00035216551955214495
916,cells,6,0.00019654731876699315,-1.791759469228055,-0.00035216551955214495
709,make,6,0.00019654731876699315,-1.791759469228055,-0.00035216551955214495
384,science,6,0.00019654731876699315,-1.791759469228055,-0.00035216551955214495
545,rl,6,0.00019654731876699315,-1.791759469228055,-0.00035216551955214495
1151,regulator,6,0.00019654731876699315,-1.791759469228055,-0.00035216551955214495
9,methods,6,0.00019654731876699315,-1.791759469228055,-0.00035216551955214495
698,mice,6,0.00019654731876699315,-1.791759469228055,-0.00035216551955214495
708,various,6,0.00019654731876699315,-1.791759469228055,-0.00035216551955214495
98,review,6,0.00019654731876699315,-1.791759469228055,-0.00035216551955214495
690,help,6,0.00019654731876699315,-1.791759469228055,-0.00035216551955214495
915,procedures,6,0.00019654731876699315,-1.791759469228055,-0.00035216551955214495
687,nature,6,0.00019654731876699315,-1.791759469228055,-0.00035216551955214495
371,possi,6,0.00019654731876699315,-1.791759469228055,-0.00035216551955214495
677,should,6,0.00019654731876699315,-1.791759469228055,-0.00035216551955214495
1037,involves,5,0.00016378943230582762,-1.6094379124341003,-0.0002636089220090576
227,based,5,0.00016378943230582762,-1.6094379124341003,-0.0002636089220090576
16,nm,5,0.00016378943230582762,-1.6094379124341003,-0.0002636089220090576
201,who,5,0.00016378943230582762,-1.6094379124341003,-0.0002636089220090576
920,because,5,0.00016378943230582762,-1.6094379124341003,-0.0002636089220090576
196,minimize,5,0.00016378943230582762,-1.6094379124341003,-0.0002636089220090576
1115,participants,5,0.00016378943230582762,-1.6094379124341003,-0.0002636089220090576
1010,protect,5,0.00016378943230582762,-1.6094379124341003,-0.0002636089220090576
486,october,5,0.00016378943230582762,-1.6094379124341003,-0.0002636089220090576
185,systems,5,0.00016378943230582762,-1.6094379124341003,-0.0002636089220090576
700,cruel,5,0.00016378943230582762,-1.6094379124341003,-0.0002636089220090576
696,model,5,0.00016378943230582762,-1.6094379124341003,-0.0002636089220090576
619,support,5,0.00016378943230582762,-1.6094379124341003,-0.0002636089220090576
292,mate,5,0.00016378943230582762,-1.6094379124341003,-0.0002636089220090576
925,non,5,0.00016378943230582762,-1.6094379124341003,-0.0002636089220090576
291,processes,5,0.00016378943230582762,-1.6094379124341003,-0.0002636089220090576
125,provide,5,0.00016378943230582762,-1.6094379124341003,-0.0002636089220090576
835,practic,5,0.00016378943230582762,-1.6094379124341003,-0.0002636089220090576
573,beings,5,0.00016378943230582762,-1.6094379124341003,-0.0002636089220090576
1103,humane,5,0.00016378943230582762,-1.6094379124341003,-0.0002636089220090576
1165,european,5,0.00016378943230582762,-1.6094379124341003,-0.0002636089220090576
1087,benefits,5,0.00016378943230582762,-1.6094379124341003,-0.0002636089220090576
231,vet,5,0.00016378943230582762,-1.6094379124341003,-0.0002636089220090576
725,suffering,5,0.00016378943230582762,-1.6094379124341003,-0.0002636089220090576
880,essential,5,0.00016378943230582762,-1.6094379124341003,-0.0002636089220090576
787,hold,5,0.00016378943230582762,-1.6094379124341003,-0.0002636089220090576
8,regulatory,5,0.00016378943230582762,-1.6094379124341003,-0.0002636089220090576
877,improve,5,0.00016378943230582762,-1.6094379124341003,-0.0002636089220090576
894,population,5,0.00016378943230582762,-1.6094379124341003,-0.0002636089220090576
491,those,5,0.00016378943230582762,-1.6094379124341003,-0.0002636089220090576
62,when,5,0.00016378943230582762,-1.6094379124341003,-0.0002636089220090576
979,figure,5,0.00016378943230582762,-1.6094379124341003,-0.0002636089220090576
1054,cited,5,0.00016378943230582762,-1.6094379124341003,-0.0002636089220090576
541,tc,5,0.00016378943230582762,-1.6094379124341003,-0.0002636089220090576
409,note,5,0.00016378943230582762,-1.6094379124341003,-0.0002636089220090576
250,conflict,5,0.00016378943230582762,-1.6094379124341003,-0.0002636089220090576
572,know,5,0.00016378943230582762,-1.6094379124341003,-0.0002636089220090576
649,ability,5,0.00016378943230582762,-1.6094379124341003,-0.0002636089220090576
160,fields,5,0.00016378943230582762,-1.6094379124341003,-0.0002636089220090576
484,companies,5,0.00016378943230582762,-1.6094379124341003,-0.0002636089220090576
908,tissues,5,0.00016378943230582762,-1.6094379124341003,-0.0002636089220090576
1112,place,5,0.00016378943230582762,-1.6094379124341003,-0.0002636089220090576
289,high,5,0.00016378943230582762,-1.6094379124341003,-0.0002636089220090576
427,application,4,0.0001310315458446621,-1.3862943611198906,-0.0001816482931332775
457,statistics,4,0.0001310315458446621,-1.3862943611198906,-0.0001816482931332775
51,toxicol,4,0.0001310315458446621,-1.3862943611198906,-0.0001816482931332775
1116,results,4,0.0001310315458446621,-1.3862943611198906,-0.0001816482931332775
728,anti,4,0.0001310315458446621,-1.3862943611198906,-0.0001816482931332775
46,understand,4,0.0001310315458446621,-1.3862943611198906,-0.0001816482931332775
500,materials,4,0.0001310315458446621,-1.3862943611198906,-0.0001816482931332775
516,life,4,0.0001310315458446621,-1.3862943611198906,-0.0001816482931332775
749,right,4,0.0001310315458446621,-1.3862943611198906,-0.0001816482931332775
444,below,4,0.0001310315458446621,-1.3862943611198906,-0.0001816482931332775
523,about,4,0.0001310315458446621,-1.3862943611198906,-0.0001816482931332775
642,examin,4,0.0001310315458446621,-1.3862943611198906,-0.0001816482931332775
740,britain,4,0.0001310315458446621,-1.3862943611198906,-0.0001816482931332775
669,will,4,0.0001310315458446621,-1.3862943611198906,-0.0001816482931332775
395,genetically,4,0.0001310315458446621,-1.3862943611198906,-0.0001816482931332775
358,aim,4,0.0001310315458446621,-1.3862943611198906,-0.0001816482931332775
734,reason,4,0.0001310315458446621,-1.3862943611198906,-0.0001816482931332775
26,involving,4,0.0001310315458446621,-1.3862943611198906,-0.0001816482931332775
503,agree,4,0.0001310315458446621,-1.3862943611198906,-0.0001816482931332775
1119,certain,4,0.0001310315458446621,-1.3862943611198906,-0.0001816482931332775
781,fact,4,0.0001310315458446621,-1.3862943611198906,-0.0001816482931332775
431,https,4,0.0001310315458446621,-1.3862943611198906,-0.0001816482931332775
978,mostly,4,0.0001310315458446621,-1.3862943611198906,-0.0001816482931332775
574,safe,4,0.0001310315458446621,-1.3862943611198906,-0.0001816482931332775
149,experimental,4,0.0001310315458446621,-1.3862943611198906,-0.0001816482931332775
479,future,4,0.0001310315458446621,-1.3862943611198906,-0.0001816482931332775
969,investigation,4,0.0001310315458446621,-1.3862943611198906,-0.0001816482931332775
1050,www,4,0.0001310315458446621,-1.3862943611198906,-0.0001816482931332775
229,technol,4,0.0001310315458446621,-1.3862943611198906,-0.0001816482931332775
61,pharm,4,0.0001310315458446621,-1.3862943611198906,-0.0001816482931332775
1058,ann,4,0.0001310315458446621,-1.3862943611198906,-0.0001816482931332775
59,curr,4,0.0001310315458446621,-1.3862943611198906,-0.0001816482931332775
1006,biomed,4,0.0001310315458446621,-1.3862943611198906,-0.0001816482931332775
87,scientists,4,0.0001310315458446621,-1.3862943611198906,-0.0001816482931332775
543,than,4,0.0001310315458446621,-1.3862943611198906,-0.0001816482931332775
571,report,4,0.0001310315458446621,-1.3862943611198906,-0.0001816482931332775
801,unnecessary,4,0.0001310315458446621,-1.3862943611198906,-0.0001816482931332775
211,discov,4,0.0001310315458446621,-1.3862943611198906,-0.0001816482931332775
135,univ,4,0.0001310315458446621,-1.3862943611198906,-0.0001816482931332775
974,ae,4,0.0001310315458446621,-1.3862943611198906,-0.0001816482931332775
876,need,4,0.0001310315458446621,-1.3862943611198906,-0.0001816482931332775
1044,practice,4,0.0001310315458446621,-1.3862943611198906,-0.0001816482931332775
228,apply,4,0.0001310315458446621,-1.3862943611198906,-0.0001816482931332775
921,education,4,0.0001310315458446621,-1.3862943611198906,-0.0001816482931332775
474,interest,4,0.0001310315458446621,-1.3862943611198906,-0.0001816482931332775
1034,any,4,0.0001310315458446621,-1.3862943611198906,-0.0001816482931332775
879,different,4,0.0001310315458446621,-1.3862943611198906,-0.0001816482931332775
169,analyse,4,0.0001310315458446621,-1.3862943611198906,-0.0001816482931332775
994,basic,4,0.0001310315458446621,-1.3862943611198906,-0.0001816482931332775
159,still,3,9.827365938349657e-05,-1.0986122886681098,-0.00010796464985109344
1106,take,3,9.827365938349657e-05,-1.0986122886681098,-0.00010796464985109344
972,into,3,9.827365938349657e-05,-1.0986122886681098,-0.00010796464985109344
166,rabbits,3,9.827365938349657e-05,-1.0986122886681098,-0.00010796464985109344
680,moreover,3,9.827365938349657e-05,-1.0986122886681098,-0.00010796464985109344
681,laboratory,3,9.827365938349657e-05,-1.0986122886681098,-0.00010796464985109344
1063,countries,3,9.827365938349657e-05,-1.0986122886681098,-0.00010796464985109344
958,limit,3,9.827365938349657e-05,-1.0986122886681098,-0.00010796464985109344
91,ban,3,9.827365938349657e-05,-1.0986122886681098,-0.00010796464985109344
692,physiology,3,9.827365938349657e-05,-1.0986122886681098,-0.00010796464985109344
440,rder,3,9.827365938349657e-05,-1.0986122886681098,-0.00010796464985109344
678,availability,3,9.827365938349657e-05,-1.0986122886681098,-0.00010796464985109344
1167,uses,3,9.827365938349657e-05,-1.0986122886681098,-0.00010796464985109344
397,computer,3,9.827365938349657e-05,-1.0986122886681098,-0.00010796464985109344
623,before,3,9.827365938349657e-05,-1.0986122886681098,-0.00010796464985109344
1040,knowledge,3,9.827365938349657e-05,-1.0986122886681098,-0.00010796464985109344
546,veterinary,3,9.827365938349657e-05,-1.0986122886681098,-0.00010796464985109344
124,examine,3,9.827365938349657e-05,-1.0986122886681098,-0.00010796464985109344
1030,dubai,3,9.827365938349657e-05,-1.0986122886681098,-0.00010796464985109344
1029,see,3,9.827365938349657e-05,-1.0986122886681098,-0.00010796464985109344
1018,translation,3,9.827365938349657e-05,-1.0986122886681098,-0.00010796464985109344
1007,micro,3,9.827365938349657e-05,-1.0986122886681098,-0.00010796464985109344
646,arts,3,9.827365938349657e-05,-1.0986122886681098,-0.00010796464985109344
647,cruelty,3,9.827365938349657e-05,-1.0986122886681098,-0.00010796464985109344
650,biochips,3,9.827365938349657e-05,-1.0986122886681098,-0.00010796464985109344
1045,laws,3,9.827365938349657e-05,-1.0986122886681098,-0.00010796464985109344
412,include,3,9.827365938349657e-05,-1.0986122886681098,-0.00010796464985109344
520,living,3,9.827365938349657e-05,-1.0986122886681098,-0.00010796464985109344
437,major,3,9.827365938349657e-05,-1.0986122886681098,-0.00010796464985109344
521,safety,3,9.827365938349657e-05,-1.0986122886681098,-0.00010796464985109344
662,year,3,9.827365938349657e-05,-1.0986122886681098,-0.00010796464985109344
616,possible,3,9.827365938349657e-05,-1.0986122886681098,-0.00010796464985109344
152,indicates,3,9.827365938349657e-05,-1.0986122886681098,-0.00010796464985109344
399,desai,3,9.827365938349657e-05,-1.0986122886681098,-0.00010796464985109344
398,toxicity,3,9.827365938349657e-05,-1.0986122886681098,-0.00010796464985109344
982,america,3,9.827365938349657e-05,-1.0986122886681098,-0.00010796464985109344
943,undecided,3,9.827365938349657e-05,-1.0986122886681098,-0.00010796464985109344
830,working,3,9.827365938349657e-05,-1.0986122886681098,-0.00010796464985109344
927,then,3,9.827365938349657e-05,-1.0986122886681098,-0.00010796464985109344
846,level,3,9.827365938349657e-05,-1.0986122886681098,-0.00010796464985109344
567,similar,3,9.827365938349657e-05,-1.0986122886681098,-0.00010796464985109344
266,towards,3,9.827365938349657e-05,-1.0986122886681098,-0.00010796464985109344
267,badyal,3,9.827365938349657e-05,-1.0986122886681098,-0.00010796464985109344
268,useful,3,9.827365938349657e-05,-1.0986122886681098,-0.00010796464985109344
577,current,3,9.827365938349657e-05,-1.0986122886681098,-0.00010796464985109344
462,effective,3,9.827365938349657e-05,-1.0986122886681098,-0.00010796464985109344
820,interests,3,9.827365938349657e-05,-1.0986122886681098,-0.00010796464985109344
810,typically,3,9.827365938349657e-05,-1.0986122886681098,-0.00010796464985109344
60,form,3,9.827365938349657e-05,-1.0986122886681098,-0.00010796464985109344
761,gov,3,9.827365938349657e-05,-1.0986122886681098,-0.00010796464985109344
322,believe,3,9.827365938349657e-05,-1.0986122886681098,-0.00010796464985109344
460,group,3,9.827365938349657e-05,-1.0986122886681098,-0.00010796464985109344
290,usa,3,9.827365938349657e-05,-1.0986122886681098,-0.00010796464985109344
318,recommendations,3,9.827365938349657e-05,-1.0986122886681098,-0.00010796464985109344
800,eng,3,9.827365938349657e-05,-1.0986122886681098,-0.00010796464985109344
772,since,3,9.827365938349657e-05,-1.0986122886681098,-0.00010796464985109344
1104,light,3,9.827365938349657e-05,-1.0986122886681098,-0.00010796464985109344
790,indicated,3,9.827365938349657e-05,-1.0986122886681098,-0.00010796464985109344
788,petri,3,9.827365938349657e-05,-1.0986122886681098,-0.00010796464985109344
303,minimized,3,9.827365938349657e-05,-1.0986122886681098,-0.00010796464985109344
778,principles,3,9.827365938349657e-05,-1.0986122886681098,-0.00010796464985109344
309,somewhat,3,9.827365938349657e-05,-1.0986122886681098,-0.00010796464985109344
255,involved,3,9.827365938349657e-05,-1.0986122886681098,-0.00010796464985109344
341,stefane,3,9.827365938349657e-05,-1.0986122886681098,-0.00010796464985109344
843,university,3,9.827365938349657e-05,-1.0986122886681098,-0.00010796464985109344
30,measures,3,9.827365938349657e-05,-1.0986122886681098,-0.00010796464985109344
191,office,3,9.827365938349657e-05,-1.0986122886681098,-0.00010796464985109344
1110,justify,3,9.827365938349657e-05,-1.0986122886681098,-0.00010796464985109344
198,evaluation,3,9.827365938349657e-05,-1.0986122886681098,-0.00010796464985109344
1086,rights,3,9.827365938349657e-05,-1.0986122886681098,-0.00010796464985109344
704,status,3,9.827365938349657e-05,-1.0986122886681098,-0.00010796464985109344
79,like,3,9.827365938349657e-05,-1.0986122886681098,-0.00010796464985109344
710,heal,3,9.827365938349657e-05,-1.0986122886681098,-0.00010796464985109344
212,clinical,3,9.827365938349657e-05,-1.0986122886681098,-0.00010796464985109344
360,sample,3,9.827365938349657e-05,-1.0986122886681098,-0.00010796464985109344
715,advancement,3,9.827365938349657e-05,-1.0986122886681098,-0.00010796464985109344
901,may,3,9.827365938349657e-05,-1.0986122886681098,-0.00010796464985109344
343,dification,3,9.827365938349657e-05,-1.0986122886681098,-0.00010796464985109344
716,training,3,9.827365938349657e-05,-1.0986122886681098,-0.00010796464985109344
900,often,3,9.827365938349657e-05,-1.0986122886681098,-0.00010796464985109344
23,business,3,9.827365938349657e-05,-1.0986122886681098,-0.00010796464985109344
24,lead,3,9.827365938349657e-05,-1.0986122886681098,-0.00010796464985109344
236,increasing,3,9.827365938349657e-05,-1.0986122886681098,-0.00010796464985109344
75,home,3,9.827365938349657e-05,-1.0986122886681098,-0.00010796464985109344
893,pharmacol,3,9.827365938349657e-05,-1.0986122886681098,-0.00010796464985109344
470,states,3,9.827365938349657e-05,-1.0986122886681098,-0.00010796464985109344
895,viewed,3,9.827365938349657e-05,-1.0986122886681098,-0.00010796464985109344
224,responses,3,9.827365938349657e-05,-1.0986122886681098,-0.00010796464985109344
610,oriented,2,6.551577292233105e-05,-0.6931471805599453,-4.541207328331937e-05
580,models,2,6.551577292233105e-05,-0.6931471805599453,-4.541207328331937e-05
561,both,2,6.551577292233105e-05,-0.6931471805599453,-4.541207328331937e-05
602,tcome,2,6.551577292233105e-05,-0.6931471805599453,-4.541207328331937e-05
617,differences,2,6.551577292233105e-05,-0.6931471805599453,-4.541207328331937e-05
559,emotio,2,6.551577292233105e-05,-0.6931471805599453,-4.541207328331937e-05
587,among,2,6.551577292233105e-05,-0.6931471805599453,-4.541207328331937e-05
582,great,2,6.551577292233105e-05,-0.6931471805599453,-4.541207328331937e-05
569,pros,2,6.551577292233105e-05,-0.6931471805599453,-4.541207328331937e-05
856,concern,2,6.551577292233105e-05,-0.6931471805599453,-4.541207328331937e-05
631,controversial,2,6.551577292233105e-05,-0.6931471805599453,-4.541207328331937e-05
1041,assess,2,6.551577292233105e-05,-0.6931471805599453,-4.541207328331937e-05
1038,while,2,6.551577292233105e-05,-0.6931471805599453,-4.541207328331937e-05
1035,established,2,6.551577292233105e-05,-0.6931471805599453,-4.541207328331937e-05
1032,analysed,2,6.551577292233105e-05,-0.6931471805599453,-4.541207328331937e-05
1028,necessity,2,6.551577292233105e-05,-0.6931471805599453,-4.541207328331937e-05
1016,potential,2,6.551577292233105e-05,-0.6931471805599453,-4.541207328331937e-05
1008,trainings,2,6.551577292233105e-05,-0.6931471805599453,-4.541207328331937e-05
1051,philos,2,6.551577292233105e-05,-0.6931471805599453,-4.541207328331937e-05
1005,health,2,6.551577292233105e-05,-0.6931471805599453,-4.541207328331937e-05
999,arguing,2,6.551577292233105e-05,-0.6931471805599453,-4.541207328331937e-05
987,integrate,2,6.551577292233105e-05,-0.6931471805599453,-4.541207328331937e-05
971,summarized,2,6.551577292233105e-05,-0.6931471805599453,-4.541207328331937e-05
966,could,2,6.551577292233105e-05,-0.6931471805599453,-4.541207328331937e-05
960,sciences,2,6.551577292233105e-05,-0.6931471805599453,-4.541207328331937e-05
954,further,2,6.551577292233105e-05,-0.6931471805599453,-4.541207328331937e-05
949,organization,2,6.551577292233105e-05,-0.6931471805599453,-4.541207328331937e-05
1002,union,2,6.551577292233105e-05,-0.6931471805599453,-4.541207328331937e-05
1052,reis,2,6.551577292233105e-05,-0.6931471805599453,-4.541207328331937e-05
1056,pathogen,2,6.551577292233105e-05,-0.6931471805599453,-4.541207328331937e-05
1067,without,2,6.551577292233105e-05,-0.6931471805599453,-4.541207328331937e-05
1182,holden,2,6.551577292233105e-05,-0.6931471805599453,-4.541207328331937e-05
1178,extensive,2,6.551577292233105e-05,-0.6931471805599453,-4.541207328331937e-05
1177,debate,2,6.551577292233105e-05,-0.6931471805599453,-4.541207328331937e-05
1175,attitudes,2,6.551577292233105e-05,-0.6931471805599453,-4.541207328331937e-05
1163,vitro,2,6.551577292233105e-05,-0.6931471805599453,-4.541207328331937e-05
1158,applying,2,6.551577292233105e-05,-0.6931471805599453,-4.541207328331937e-05
1156,due,2,6.551577292233105e-05,-0.6931471805599453,-4.541207328331937e-05
1147,obtained,2,6.551577292233105e-05,-0.6931471805599453,-4.541207328331937e-05
1144,even,2,6.551577292233105e-05,-0.6931471805599453,-4.541207328331937e-05
1136,seek,2,6.551577292233105e-05,-0.6931471805599453,-4.541207328331937e-05
1133,biomedical,2,6.551577292233105e-05,-0.6931471805599453,-4.541207328331937e-05
1132,tend,2,6.551577292233105e-05,-0.6931471805599453,-4.541207328331937e-05
1109,two,2,6.551577292233105e-05,-0.6931471805599453,-4.541207328331937e-05
1105,components,2,6.551577292233105e-05,-0.6931471805599453,-4.541207328331937e-05
1100,industry,2,6.551577292233105e-05,-0.6931471805599453,-4.541207328331937e-05
1085,asked,2,6.551577292233105e-05,-0.6931471805599453,-4.541207328331937e-05
1072,consideration,2,6.551577292233105e-05,-0.6931471805599453,-4.541207328331937e-05
945,way,2,6.551577292233105e-05,-0.6931471805599453,-4.541207328331937e-05
626,respondents,2,6.551577292233105e-05,-0.6931471805599453,-4.541207328331937e-05
939,existing,2,6.551577292233105e-05,-0.6931471805599453,-4.541207328331937e-05
923,better,2,6.551577292233105e-05,-0.6931471805599453,-4.541207328331937e-05
737,killed,2,6.551577292233105e-05,-0.6931471805599453,-4.541207328331937e-05
736,required,2,6.551577292233105e-05,-0.6931471805599453,-4.541207328331937e-05
735,loping,2,6.551577292233105e-05,-0.6931471805599453,-4.541207328331937e-05
729,images,2,6.551577292233105e-05,-0.6931471805599453,-4.541207328331937e-05
727,many,2,6.551577292233105e-05,-0.6931471805599453,-4.541207328331937e-05
701,compared,2,6.551577292233105e-05,-0.6931471805599453,-4.541207328331937e-05
682,discovery,2,6.551577292233105e-05,-0.6931471805599453,-4.541207328331937e-05
738,conflicting,2,6.551577292233105e-05,-0.6931471805599453,-4.541207328331937e-05
676,instance,2,6.551577292233105e-05,-0.6931471805599453,-4.541207328331937e-05
673,government,2,6.551577292233105e-05,-0.6931471805599453,-4.541207328331937e-05
666,reduce,2,6.551577292233105e-05,-0.6931471805599453,-4.541207328331937e-05
664,position,2,6.551577292233105e-05,-0.6931471805599453,-4.541207328331937e-05
656,between,2,6.551577292233105e-05,-0.6931471805599453,-4.541207328331937e-05
644,reactions,2,6.551577292233105e-05,-0.6931471805599453,-4.541207328331937e-05
641,festing,2,6.551577292233105e-05,-0.6931471805599453,-4.541207328331937e-05
632,possibility,2,6.551577292233105e-05,-0.6931471805599453,-4.541207328331937e-05
675,point,2,6.551577292233105e-05,-0.6931471805599453,-4.541207328331937e-05
748,individual,2,6.551577292233105e-05,-0.6931471805599453,-4.541207328331937e-05
751,views,2,6.551577292233105e-05,-0.6931471805599453,-4.541207328331937e-05
752,value,2,6.551577292233105e-05,-0.6931471805599453,-4.541207328331937e-05
898,biomaterials,2,6.551577292233105e-05,-0.6931471805599453,-4.541207328331937e-05
882,provided,2,6.551577292233105e-05,-0.6931471805599453,-4.541207328331937e-05
868,want,2,6.551577292233105e-05,-0.6931471805599453,-4.541207328331937e-05
866,simulation,2,6.551577292233105e-05,-0.6931471805599453,-4.541207328331937e-05
857,reasons,2,6.551577292233105e-05,-0.6931471805599453,-4.541207328331937e-05
849,pathology,2,6.551577292233105e-05,-0.6931471805599453,-4.541207328331937e-05
838,perspect,2,6.551577292233105e-05,-0.6931471805599453,-4.541207328331937e-05
825,sampled,2,6.551577292233105e-05,-0.6931471805599453,-4.541207328331937e-05
824,live,2,6.551577292233105e-05,-0.6931471805599453,-4.541207328331937e-05
809,modification,2,6.551577292233105e-05,-0.6931471805599453,-4.541207328331937e-05
808,heart,2,6.551577292233105e-05,-0.6931471805599453,-4.541207328331937e-05
798,experimentations,2,6.551577292233105e-05,-0.6931471805599453,-4.541207328331937e-05
775,oppose,2,6.551577292233105e-05,-0.6931471805599453,-4.541207328331937e-05
774,commission,2,6.551577292233105e-05,-0.6931471805599453,-4.541207328331937e-05
766,uae,2,6.551577292233105e-05,-0.6931471805599453,-4.541207328331937e-05
759,disorders,2,6.551577292233105e-05,-0.6931471805599453,-4.541207328331937e-05
754,helps,2,6.551577292233105e-05,-0.6931471805599453,-4.541207328331937e-05
924,linzey,2,6.551577292233105e-05,-0.6931471805599453,-4.541207328331937e-05
514,cheluvappa,2,6.551577292233105e-05,-0.6931471805599453,-4.541207328331937e-05
0,show,2,6.551577292233105e-05,-0.6931471805599453,-4.541207328331937e-05
305,anatomy,2,6.551577292233105e-05,-0.6931471805599453,-4.541207328331937e-05
176,million,2,6.551577292233105e-05,-0.6931471805599453,-4.541207328331937e-05
179,etc,2,6.551577292233105e-05,-0.6931471805599453,-4.541207328331937e-05
180,problems,2,6.551577292233105e-05,-0.6931471805599453,-4.541207328331937e-05
181,pain,2,6.551577292233105e-05,-0.6931471805599453,-4.541207328331937e-05
313,dishes,2,6.551577292233105e-05,-0.6931471805599453,-4.541207328331937e-05
80,found,2,6.551577292233105e-05,-0.6931471805599453,-4.541207328331937e-05
312,remain,2,6.551577292233105e-05,-0.6931471805599453,-4.541207328331937e-05
72,ailments,2,6.551577292233105e-05,-0.6931471805599453,-4.541207328331937e-05
308,therefore,2,6.551577292233105e-05,-0.6931471805599453,-4.541207328331937e-05
307,same,2,6.551577292233105e-05,-0.6931471805599453,-4.541207328331937e-05
69,account,2,6.551577292233105e-05,-0.6931471805599453,-4.541207328331937e-05
144,educational,2,6.551577292233105e-05,-0.6931471805599453,-4.541207328331937e-05
441,conclusion,2,6.551577292233105e-05,-0.6931471805599453,-4.541207328331937e-05
443,utilized,2,6.551577292233105e-05,-0.6931471805599453,-4.541207328331937e-05
54,species,2,6.551577292233105e-05,-0.6931471805599453,-4.541207328331937e-05
296,types,2,6.551577292233105e-05,-0.6931471805599453,-4.541207328331937e-05
282,vivisection,2,6.551577292233105e-05,-0.6931471805599453,-4.541207328331937e-05
202,vertebrates,2,6.551577292233105e-05,-0.6931471805599453,-4.541207328331937e-05
464,presentation,2,6.551577292233105e-05,-0.6931471805599453,-4.541207328331937e-05
465,usually,2,6.551577292233105e-05,-0.6931471805599453,-4.541207328331937e-05
467,investigations,2,6.551577292233105e-05,-0.6931471805599453,-4.541207328331937e-05
327,accrued,2,6.551577292233105e-05,-0.6931471805599453,-4.541207328331937e-05
328,replacements,2,6.551577292233105e-05,-0.6931471805599453,-4.541207328331937e-05
167,case,2,6.551577292233105e-05,-0.6931471805599453,-4.541207328331937e-05
97,white,2,6.551577292233105e-05,-0.6931471805599453,-4.541207328331937e-05
140,aspects,2,6.551577292233105e-05,-0.6931471805599453,-4.541207328331937e-05
363,press,2,6.551577292233105e-05,-0.6931471805599453,-4.541207328331937e-05
362,neves,2,6.551577292233105e-05,-0.6931471805599453,-4.541207328331937e-05
369,protection,2,6.551577292233105e-05,-0.6931471805599453,-4.541207328331937e-05
138,argument,2,6.551577292233105e-05,-0.6931471805599453,-4.541207328331937e-05
148,baadel,2,6.551577292233105e-05,-0.6931471805599453,-4.541207328331937e-05
379,iacuc,2,6.551577292233105e-05,-0.6931471805599453,-4.541207328331937e-05
128,after,2,6.551577292233105e-05,-0.6931471805599453,-4.541207328331937e-05
118,importance,2,6.551577292233105e-05,-0.6931471805599453,-4.541207328331937e-05
346,perception,2,6.551577292233105e-05,-0.6931471805599453,-4.541207328331937e-05
41,regard,2,6.551577292233105e-05,-0.6931471805599453,-4.541207328331937e-05
112,organism,2,6.551577292233105e-05,-0.6931471805599453,-4.541207328331937e-05
400,continu,2,6.551577292233105e-05,-0.6931471805599453,-4.541207328331937e-05
339,leaman,2,6.551577292233105e-05,-0.6931471805599453,-4.541207328331937e-05
157,recommended,2,6.551577292233105e-05,-0.6931471805599453,-4.541207328331937e-05
158,birds,2,6.551577292233105e-05,-0.6931471805599453,-4.541207328331937e-05
407,women,2,6.551577292233105e-05,-0.6931471805599453,-4.541207328331937e-05
105,consequently,2,6.551577292233105e-05,-0.6931471805599453,-4.541207328331937e-05
103,naderi,2,6.551577292233105e-05,-0.6931471805599453,-4.541207328331937e-05
410,article,2,6.551577292233105e-05,-0.6931471805599453,-4.541207328331937e-05
99,long,2,6.551577292233105e-05,-0.6931471805599453,-4.541207328331937e-05
414,rats,2,6.551577292233105e-05,-0.6931471805599453,-4.541207328331937e-05
396,developed,2,6.551577292233105e-05,-0.6931471805599453,-4.541207328331937e-05
278,genetics,2,6.551577292233105e-05,-0.6931471805599453,-4.541207328331937e-05
141,wilkinson,2,6.551577292233105e-05,-0.6931471805599453,-4.541207328331937e-05
256,noted,2,6.551577292233105e-05,-0.6931471805599453,-4.541207328331937e-05
217,large,2,6.551577292233105e-05,-0.6931471805599453,-4.541207328331937e-05
223,small,2,6.551577292233105e-05,-0.6931471805599453,-4.541207328331937e-05
222,highly,2,6.551577292233105e-05,-0.6931471805599453,-4.541207328331937e-05
508,published,2,6.551577292233105e-05,-0.6931471805599453,-4.541207328331937e-05
272,parts,2,6.551577292233105e-05,-0.6931471805599453,-4.541207328331937e-05
220,placed,2,6.551577292233105e-05,-0.6931471805599453,-4.541207328331937e-05
260,supporters,2,6.551577292233105e-05,-0.6931471805599453,-4.541207328331937e-05
274,resents,2,6.551577292233105e-05,-0.6931471805599453,-4.541207328331937e-05
15,institutional,2,6.551577292233105e-05,-0.6931471805599453,-4.541207328331937e-05
31,clemence,2,6.551577292233105e-05,-0.6931471805599453,-4.541207328331937e-05
477,trials,2,6.551577292233105e-05,-0.6931471805599453,-4.541207328331937e-05
245,first,2,6.551577292233105e-05,-0.6931471805599453,-4.541207328331937e-05
485,function,2,6.551577292233105e-05,-0.6931471805599453,-4.541207328331937e-05
502,committee,2,6.551577292233105e-05,-0.6931471805599453,-4.541207328331937e-05
246,toxicology,2,6.551577292233105e-05,-0.6931471805599453,-4.541207328331937e-05
258,author,2,6.551577292233105e-05,-0.6931471805599453,-4.541207328331937e-05
22,concept,2,6.551577292233105e-05,-0.6931471805599453,-4.541207328331937e-05
237,stark,1,3.2757886461165525e-05,0.0,0.0
977,versus,1,3.2757886461165525e-05,0.0,0.0
156,canadian,1,3.2757886461165525e-05,0.0,0.0
976,analysing,1,3.2757886461165525e-05,0.0,0.0
975,advantage,1,3.2757886461165525e-05,0.0,0.0
232,talking,1,3.2757886461165525e-05,0.0,0.0
233,professors,1,3.2757886461165525e-05,0.0,0.0
888,references,1,3.2757886461165525e-05,0.0,0.0
168,abdollahi,1,3.2757886461165525e-05,0.0,0.0
887,accepted,1,3.2757886461165525e-05,0.0,0.0
886,instead,1,3.2757886461165525e-05,0.0,0.0
968,background,1,3.2757886461165525e-05,0.0,0.0
165,torture,1,3.2757886461165525e-05,0.0,0.0
235,abstract,1,3.2757886461165525e-05,0.0,0.0
226,highlighting,1,3.2757886461165525e-05,0.0,0.0
884,legal,1,3.2757886461165525e-05,0.0,0.0
164,suitability,1,3.2757886461165525e-05,0.0,0.0
161,size,1,3.2757886461165525e-05,0.0,0.0
230,qa,1,3.2757886461165525e-05,0.0,0.0
973,demonstrate,1,3.2757886461165525e-05,0.0,0.0
878,supports,1,3.2757886461165525e-05,0.0,0.0
970,thresholds,1,3.2757886461165525e-05,0.0,0.0
155,rational,1,3.2757886461165525e-05,0.0,0.0
208,technologies,1,3.2757886461165525e-05,0.0,0.0
238,scholars,1,3.2757886461165525e-05,0.0,0.0
870,positions,1,3.2757886461165525e-05,0.0,0.0
871,outrageous,1,3.2757886461165525e-05,0.0,0.0
146,allergic,1,3.2757886461165525e-05,0.0,0.0
873,victorian,1,3.2757886461165525e-05,0.0,0.0
1004,ultrafast,1,3.2757886461165525e-05,0.0,0.0
1003,diguez,1,3.2757886461165525e-05,0.0,0.0
147,acknowledgements,1,3.2757886461165525e-05,0.0,0.0
1001,melanogas,1,3.2757886461165525e-05,0.0,0.0
1000,contributors,1,3.2757886461165525e-05,0.0,0.0
998,arguments,1,3.2757886461165525e-05,0.0,0.0
997,requiring,1,3.2757886461165525e-05,0.0,0.0
996,enrolled,1,3.2757886461165525e-05,0.0,0.0
995,global,1,3.2757886461165525e-05,0.0,0.0
150,pictures,1,3.2757886461165525e-05,0.0,0.0
981,bellen,1,3.2757886461165525e-05,0.0,0.0
244,collected,1,3.2757886461165525e-05,0.0,0.0
992,achieved,1,3.2757886461165525e-05,0.0,0.0
991,akhondi,1,3.2757886461165525e-05,0.0,0.0
990,limited,1,3.2757886461165525e-05,0.0,0.0
242,fulltime,1,3.2757886461165525e-05,0.0,0.0
989,individuals,1,3.2757886461165525e-05,0.0,0.0
988,additionally,1,3.2757886461165525e-05,0.0,0.0
151,boroujeni,1,3.2757886461165525e-05,0.0,0.0
986,petrie,1,3.2757886461165525e-05,0.0,0.0
239,them,1,3.2757886461165525e-05,0.0,0.0
985,advanced,1,3.2757886461165525e-05,0.0,0.0
984,meet,1,3.2757886461165525e-05,0.0,0.0
983,therapies,1,3.2757886461165525e-05,0.0,0.0
965,manner,1,3.2757886461165525e-05,0.0,0.0
153,lava,1,3.2757886461165525e-05,0.0,0.0
993,against,1,3.2757886461165525e-05,0.0,0.0
172,rather,1,3.2757886461165525e-05,0.0,0.0
175,citation,1,3.2757886461165525e-05,0.0,0.0
962,derivation,1,3.2757886461165525e-05,0.0,0.0
931,hartung,1,3.2757886461165525e-05,0.0,0.0
899,alike,1,3.2757886461165525e-05,0.0,0.0
930,ankara,1,3.2757886461165525e-05,0.0,0.0
929,questions_answers,1,3.2757886461165525e-05,0.0,0.0
928,leist,1,3.2757886461165525e-05,0.0,0.0
189,understanding,1,3.2757886461165525e-05,0.0,0.0
926,cross,1,3.2757886461165525e-05,0.0,0.0
190,denis,1,3.2757886461165525e-05,0.0,0.0
193,elicits,1,3.2757886461165525e-05,0.0,0.0
195,email,1,3.2757886461165525e-05,0.0,0.0
922,extends,1,3.2757886461165525e-05,0.0,0.0
199,declined,1,3.2757886461165525e-05,0.0,0.0
200,diabetes,1,3.2757886461165525e-05,0.0,0.0
919,proposals,1,3.2757886461165525e-05,0.0,0.0
918,although,1,3.2757886461165525e-05,0.0,0.0
917,mutations,1,3.2757886461165525e-05,0.0,0.0
216,islamic,1,3.2757886461165525e-05,0.0,0.0
215,patients,1,3.2757886461165525e-05,0.0,0.0
204,leads,1,3.2757886461165525e-05,0.0,0.0
205,resulting,1,3.2757886461165525e-05,0.0,0.0
206,arise,1,3.2757886461165525e-05,0.0,0.0
912,prototype,1,3.2757886461165525e-05,0.0,0.0
911,baumans,1,3.2757886461165525e-05,0.0,0.0
910,knowbioethics,1,3.2757886461165525e-05,0.0,0.0
214,cornerstone,1,3.2757886461165525e-05,0.0,0.0
904,bmj,1,3.2757886461165525e-05,0.0,0.0
909,residing,1,3.2757886461165525e-05,0.0,0.0
207,middle,1,3.2757886461165525e-05,0.0,0.0
213,guide,1,3.2757886461165525e-05,0.0,0.0
188,stop,1,3.2757886461165525e-05,0.0,0.0
963,biotechnol,1,3.2757886461165525e-05,0.0,0.0
933,viruses,1,3.2757886461165525e-05,0.0,0.0
935,pathogens,1,3.2757886461165525e-05,0.0,0.0
961,scenario,1,3.2757886461165525e-05,0.0,0.0
173,vivo,1,3.2757886461165525e-05,0.0,0.0
210,proceeding,1,3.2757886461165525e-05,0.0,0.0
889,laboratories,1,3.2757886461165525e-05,0.0,0.0
957,outcomes,1,3.2757886461165525e-05,0.0,0.0
177,reveals,1,3.2757886461165525e-05,0.0,0.0
955,representing,1,3.2757886461165525e-05,0.0,0.0
178,justifiable,1,3.2757886461165525e-05,0.0,0.0
890,embryology,1,3.2757886461165525e-05,0.0,0.0
952,europa,1,3.2757886461165525e-05,0.0,0.0
951,natures,1,3.2757886461165525e-05,0.0,0.0
950,efforts,1,3.2757886461165525e-05,0.0,0.0
891,simulate,1,3.2757886461165525e-05,0.0,0.0
948,dissections,1,3.2757886461165525e-05,0.0,0.0
892,specifically,1,3.2757886461165525e-05,0.0,0.0
946,dgxt,1,3.2757886461165525e-05,0.0,0.0
225,clear,1,3.2757886461165525e-05,0.0,0.0
182,banister,1,3.2757886461165525e-05,0.0,0.0
183,constitute,1,3.2757886461165525e-05,0.0,0.0
184,during,1,3.2757886461165525e-05,0.0,0.0
896,clerics,1,3.2757886461165525e-05,0.0,0.0
942,prospects,1,3.2757886461165525e-05,0.0,0.0
941,uncertainties,1,3.2757886461165525e-05,0.0,0.0
218,xu,1,3.2757886461165525e-05,0.0,0.0
940,commonly,1,3.2757886461165525e-05,0.0,0.0
186,cures,1,3.2757886461165525e-05,0.0,0.0
938,survey,1,3.2757886461165525e-05,0.0,0.0
937,improves,1,3.2757886461165525e-05,0.0,0.0
936,few,1,3.2757886461165525e-05,0.0,0.0
187,options,1,3.2757886461165525e-05,0.0,0.0
512,keep,1,3.2757886461165525e-05,0.0,0.0
1023,despicable,1,3.2757886461165525e-05,0.0,0.0
1009,severely,1,3.2757886461165525e-05,0.0,0.0
1123,sectors,1,3.2757886461165525e-05,0.0,0.0
44,comparison,1,3.2757886461165525e-05,0.0,0.0
1125,groups,1,3.2757886461165525e-05,0.0,0.0
1126,costapinto,1,3.2757886461165525e-05,0.0,0.0
43,mandated,1,3.2757886461165525e-05,0.0,0.0
1128,hj,1,3.2757886461165525e-05,0.0,0.0
1129,injection,1,3.2757886461165525e-05,0.0,0.0
45,reserved,1,3.2757886461165525e-05,0.0,0.0
1130,changes,1,3.2757886461165525e-05,0.0,0.0
40,eliminate,1,3.2757886461165525e-05,0.0,0.0
39,summary,1,3.2757886461165525e-05,0.0,0.0
1135,endorse,1,3.2757886461165525e-05,0.0,0.0
38,according,1,3.2757886461165525e-05,0.0,0.0
33,body,1,3.2757886461165525e-05,0.0,0.0
1138,manayi,1,3.2757886461165525e-05,0.0,0.0
1139,making,1,3.2757886461165525e-05,0.0,0.0
1131,said,1,3.2757886461165525e-05,0.0,0.0
1140,tehran,1,3.2757886461165525e-05,0.0,0.0
1121,creton,1,3.2757886461165525e-05,0.0,0.0
47,surgical,1,3.2757886461165525e-05,0.0,0.0
1102,accounts,1,3.2757886461165525e-05,0.0,0.0
63,news,1,3.2757886461165525e-05,0.0,0.0
58,demand,1,3.2757886461165525e-05,0.0,0.0
57,banned,1,3.2757886461165525e-05,0.0,0.0
56,reiterate,1,3.2757886461165525e-05,0.0,0.0
55,remains,1,3.2757886461165525e-05,0.0,0.0
53,philosophical,1,3.2757886461165525e-05,0.0,0.0
1120,evaluate,1,3.2757886461165525e-05,0.0,0.0
52,killing,1,3.2757886461165525e-05,0.0,0.0
50,implic,1,3.2757886461165525e-05,0.0,0.0
1113,sensitivity,1,3.2757886461165525e-05,0.0,0.0
1114,anxiety,1,3.2757886461165525e-05,0.0,0.0
49,replicated,1,3.2757886461165525e-05,0.0,0.0
48,relevant,1,3.2757886461165525e-05,0.0,0.0
1117,saeidnia,1,3.2757886461165525e-05,0.0,0.0
1118,despite,1,3.2757886461165525e-05,0.0,0.0
1111,signature,1,3.2757886461165525e-05,0.0,0.0
1101,wu,1,3.2757886461165525e-05,0.0,0.0
1142,deliberate,1,3.2757886461165525e-05,0.0,0.0
29,substances,1,3.2757886461165525e-05,0.0,0.0
7,breakthroughs,1,3.2757886461165525e-05,0.0,0.0
1168,outweigh,1,3.2757886461165525e-05,0.0,0.0
6,similarly,1,3.2757886461165525e-05,0.0,0.0
5,production,1,3.2757886461165525e-05,0.0,0.0
1171,micromachines,1,3.2757886461165525e-05,0.0,0.0
1172,legislation,1,3.2757886461165525e-05,0.0,0.0
1173,neck,1,3.2757886461165525e-05,0.0,0.0
10,culture,1,3.2757886461165525e-05,0.0,0.0
1174,presented,1,3.2757886461165525e-05,0.0,0.0
1176,leclerc,1,3.2757886461165525e-05,0.0,0.0
3,validate,1,3.2757886461165525e-05,0.0,0.0
2,rowan,1,3.2757886461165525e-05,0.0,0.0
1179,criticized,1,3.2757886461165525e-05,0.0,0.0
1180,declaring,1,3.2757886461165525e-05,0.0,0.0
1181,important,1,3.2757886461165525e-05,0.0,0.0
1,sectional,1,3.2757886461165525e-05,0.0,0.0
4,translate,1,3.2757886461165525e-05,0.0,0.0
1143,transmission,1,3.2757886461165525e-05,0.0,0.0
13,cancer,1,3.2757886461165525e-05,0.0,0.0
14,ingredients,1,3.2757886461165525e-05,0.0,0.0
1145,international,1,3.2757886461165525e-05,0.0,0.0
1146,reduces,1,3.2757886461165525e-05,0.0,0.0
28,literature,1,3.2757886461165525e-05,0.0,0.0
1148,kj,1,3.2757886461165525e-05,0.0,0.0
1149,farnfield,1,3.2757886461165525e-05,0.0,0.0
27,interviewed,1,3.2757886461165525e-05,0.0,0.0
25,frequently,1,3.2757886461165525e-05,0.0,0.0
1164,dhawale,1,3.2757886461165525e-05,0.0,0.0
1152,portrays,1,3.2757886461165525e-05,0.0,0.0
1155,healthily,1,3.2757886461165525e-05,0.0,0.0
20,eyes,1,3.2757886461165525e-05,0.0,0.0
18,organizations,1,3.2757886461165525e-05,0.0,0.0
17,prp2,1,3.2757886461165525e-05,0.0,0.0
1159,assessment,1,3.2757886461165525e-05,0.0,0.0
1160,applied,1,3.2757886461165525e-05,0.0,0.0
1161,costs,1,3.2757886461165525e-05,0.0,0.0
21,abuse,1,3.2757886461165525e-05,0.0,0.0
142,humanesociety,1,3.2757886461165525e-05,0.0,0.0
64,identifying,1,3.2757886461165525e-05,0.0,0.0
65,tried,1,3.2757886461165525e-05,0.0,0.0
1033,designs,1,3.2757886461165525e-05,0.0,0.0
119,alongside,1,3.2757886461165525e-05,0.0,0.0
116,another,1,3.2757886461165525e-05,0.0,0.0
115,consisted,1,3.2757886461165525e-05,0.0,0.0
114,unavailability,1,3.2757886461165525e-05,0.0,0.0
1039,definitions,1,3.2757886461165525e-05,0.0,0.0
113,utilization,1,3.2757886461165525e-05,0.0,0.0
127,settings,1,3.2757886461165525e-05,0.0,0.0
1042,servants,1,3.2757886461165525e-05,0.0,0.0
110,showed,1,3.2757886461165525e-05,0.0,0.0
108,guiding,1,3.2757886461165525e-05,0.0,0.0
1046,comprehensive,1,3.2757886461165525e-05,0.0,0.0
107,throughout,1,3.2757886461165525e-05,0.0,0.0
1048,faculty,1,3.2757886461165525e-05,0.0,0.0
1049,interactions,1,3.2757886461165525e-05,0.0,0.0
106,architects,1,3.2757886461165525e-05,0.0,0.0
111,testing_en,1,3.2757886461165525e-05,0.0,0.0
1053,sources,1,3.2757886461165525e-05,0.0,0.0
1031,forced,1,3.2757886461165525e-05,0.0,0.0
130,quarterly,1,3.2757886461165525e-05,0.0,0.0
1011,conflicts,1,3.2757886461165525e-05,0.0,0.0
1012,relief,1,3.2757886461165525e-05,0.0,0.0
139,enough,1,3.2757886461165525e-05,0.0,0.0
1015,gender,1,3.2757886461165525e-05,0.0,0.0
137,proper,1,3.2757886461165525e-05,0.0,0.0
1017,advancements,1,3.2757886461165525e-05,0.0,0.0
136,analyses,1,3.2757886461165525e-05,0.0,0.0
129,becoming,1,3.2757886461165525e-05,0.0,0.0
1019,doke,1,3.2757886461165525e-05,0.0,0.0
1021,toxin,1,3.2757886461165525e-05,0.0,0.0
1022,concludes,1,3.2757886461165525e-05,0.0,0.0
247,sri,1,3.2757886461165525e-05,0.0,0.0
1024,forms,1,3.2757886461165525e-05,0.0,0.0
1025,siders,1,3.2757886461165525e-05,0.0,0.0
1026,currently,1,3.2757886461165525e-05,0.0,0.0
132,aavs,1,3.2757886461165525e-05,0.0,0.0
134,emotional,1,3.2757886461165525e-05,0.0,0.0
1099,basel,1,3.2757886461165525e-05,0.0,0.0
101,viewpoint,1,3.2757886461165525e-05,0.0,0.0
1057,translating,1,3.2757886461165525e-05,0.0,0.0
84,claims,1,3.2757886461165525e-05,0.0,0.0
83,unethical,1,3.2757886461165525e-05,0.0,0.0
82,example,1,3.2757886461165525e-05,0.0,0.0
1082,significantly,1,3.2757886461165525e-05,0.0,0.0
1083,invertebrates,1,3.2757886461165525e-05,0.0,0.0
1084,partially,1,3.2757886461165525e-05,0.0,0.0
81,generally,1,3.2757886461165525e-05,0.0,0.0
1078,extremely,1,3.2757886461165525e-05,0.0,0.0
76,busquet,1,3.2757886461165525e-05,0.0,0.0
1089,simple,1,3.2757886461165525e-05,0.0,0.0
73,ensure,1,3.2757886461165525e-05,0.0,0.0
71,volunteer,1,3.2757886461165525e-05,0.0,0.0
1093,physiological,1,3.2757886461165525e-05,0.0,0.0
68,researchkabene,1,3.2757886461165525e-05,0.0,0.0
66,gdg,1,3.2757886461165525e-05,0.0,0.0
1097,received,1,3.2757886461165525e-05,0.0,0.0
1088,humanity,1,3.2757886461165525e-05,0.0,0.0
1055,teaching,1,3.2757886461165525e-05,0.0,0.0
86,bodie,1,3.2757886461165525e-05,0.0,0.0
89,strata,1,3.2757886461165525e-05,0.0,0.0
1059,century,1,3.2757886461165525e-05,0.0,0.0
1060,achievements,1,3.2757886461165525e-05,0.0,0.0
1061,highlighted,1,3.2757886461165525e-05,0.0,0.0
1062,content,1,3.2757886461165525e-05,0.0,0.0
95,beauty,1,3.2757886461165525e-05,0.0,0.0
1064,skills,1,3.2757886461165525e-05,0.0,0.0
1065,stokes,1,3.2757886461165525e-05,0.0,0.0
1076,analysis,1,3.2757886461165525e-05,0.0,0.0
1066,medicines,1,3.2757886461165525e-05,0.0,0.0
1068,noble,1,3.2757886461165525e-05,0.0,0.0
1069,dennison,1,3.2757886461165525e-05,0.0,0.0
1070,cosmetic_testing,1,3.2757886461165525e-05,0.0,0.0
1071,seeks,1,3.2757886461165525e-05,0.0,0.0
90,wrong,1,3.2757886461165525e-05,0.0,0.0
1073,saudi,1,3.2757886461165525e-05,0.0,0.0
1074,regarding,1,3.2757886461165525e-05,0.0,0.0
93,behavior,1,3.2757886461165525e-05,0.0,0.0
248,kinds,1,3.2757886461165525e-05,0.0,0.0
262,smallest,1,3.2757886461165525e-05,0.0,0.0
865,embo,1,3.2757886461165525e-05,0.0,0.0
625,recently,1,3.2757886461165525e-05,0.0,0.0
428,circular,1,3.2757886461165525e-05,0.0,0.0
627,overwhelming,1,3.2757886461165525e-05,0.0,0.0
628,fm,1,3.2757886461165525e-05,0.0,0.0
629,around,1,3.2757886461165525e-05,0.0,0.0
630,justifying,1,3.2757886461165525e-05,0.0,0.0
426,either,1,3.2757886461165525e-05,0.0,0.0
424,every,1,3.2757886461165525e-05,0.0,0.0
633,venken,1,3.2757886461165525e-05,0.0,0.0
634,others,1,3.2757886461165525e-05,0.0,0.0
423,majority,1,3.2757886461165525e-05,0.0,0.0
636,santos,1,3.2757886461165525e-05,0.0,0.0
422,nations,1,3.2757886461165525e-05,0.0,0.0
638,treating,1,3.2757886461165525e-05,0.0,0.0
639,sites,1,3.2757886461165525e-05,0.0,0.0
624,varied,1,3.2757886461165525e-05,0.0,0.0
429,screen,1,3.2757886461165525e-05,0.0,0.0
430,furthermore,1,3.2757886461165525e-05,0.0,0.0
432,critics,1,3.2757886461165525e-05,0.0,0.0
605,affiliated,1,3.2757886461165525e-05,0.0,0.0
606,grade,1,3.2757886461165525e-05,0.0,0.0
607,adhere,1,3.2757886461165525e-05,0.0,0.0
608,concepts,1,3.2757886461165525e-05,0.0,0.0
609,investigate,1,3.2757886461165525e-05,0.0,0.0
439,jm,1,3.2757886461165525e-05,0.0,0.0
611,essentiality,1,3.2757886461165525e-05,0.0,0.0
640,fak,1,3.2757886461165525e-05,0.0,0.0
612,ineffective,1,3.2757886461165525e-05,0.0,0.0
614,simulations,1,3.2757886461165525e-05,0.0,0.0
615,testa,1,3.2757886461165525e-05,0.0,0.0
438,saq,1,3.2757886461165525e-05,0.0,0.0
436,funders,1,3.2757886461165525e-05,0.0,0.0
435,eventually,1,3.2757886461165525e-05,0.0,0.0
434,damages,1,3.2757886461165525e-05,0.0,0.0
620,produced,1,3.2757886461165525e-05,0.0,0.0
613,nano,1,3.2757886461165525e-05,0.0,0.0
421,made,1,3.2757886461165525e-05,0.0,0.0
420,reased,1,3.2757886461165525e-05,0.0,0.0
643,contrast,1,3.2757886461165525e-05,0.0,0.0
394,educated,1,3.2757886461165525e-05,0.0,0.0
393,communication,1,3.2757886461165525e-05,0.0,0.0
671,default,1,3.2757886461165525e-05,0.0,0.0
672,milanifar,1,3.2757886461165525e-05,0.0,0.0
392,engage,1,3.2757886461165525e-05,0.0,0.0
674,causes,1,3.2757886461165525e-05,0.0,0.0
390,stated,1,3.2757886461165525e-05,0.0,0.0
403,matter,1,3.2757886461165525e-05,0.0,0.0
389,areas,1,3.2757886461165525e-05,0.0,0.0
385,slo,1,3.2757886461165525e-05,0.0,0.0
679,behaviour,1,3.2757886461165525e-05,0.0,0.0
383,sort,1,3.2757886461165525e-05,0.0,0.0
382,microfluidic,1,3.2757886461165525e-05,0.0,0.0
381,effects,1,3.2757886461165525e-05,0.0,0.0
683,presents,1,3.2757886461165525e-05,0.0,0.0
684,dogs,1,3.2757886461165525e-05,0.0,0.0
387,techniques,1,3.2757886461165525e-05,0.0,0.0
604,sb,1,3.2757886461165525e-05,0.0,0.0
665,modifications,1,3.2757886461165525e-05,0.0,0.0
663,comparing,1,3.2757886461165525e-05,0.0,0.0
419,detested,1,3.2757886461165525e-05,0.0,0.0
645,portions,1,3.2757886461165525e-05,0.0,0.0
417,information,1,3.2757886461165525e-05,0.0,0.0
416,responsible,1,3.2757886461165525e-05,0.0,0.0
648,provokes,1,3.2757886461165525e-05,0.0,0.0
415,perceptible,1,3.2757886461165525e-05,0.0,0.0
651,considerations,1,3.2757886461165525e-05,0.0,0.0
404,did,1,3.2757886461165525e-05,0.0,0.0
413,having,1,3.2757886461165525e-05,0.0,0.0
654,criteria,1,3.2757886461165525e-05,0.0,0.0
408,second,1,3.2757886461165525e-05,0.0,0.0
657,would,1,3.2757886461165525e-05,0.0,0.0
658,evidence,1,3.2757886461165525e-05,0.0,0.0
660,involvement,1,3.2757886461165525e-05,0.0,0.0
406,conditions,1,3.2757886461165525e-05,0.0,0.0
405,artificial,1,3.2757886461165525e-05,0.0,0.0
653,perspectives,1,3.2757886461165525e-05,0.0,0.0
603,harms,1,3.2757886461165525e-05,0.0,0.0
442,declare,1,3.2757886461165525e-05,0.0,0.0
600,discussion,1,3.2757886461165525e-05,0.0,0.0
538,fish,1,3.2757886461165525e-05,0.0,0.0
539,differentiate,1,3.2757886461165525e-05,0.0,0.0
495,medications,1,3.2757886461165525e-05,0.0,0.0
494,correctly,1,3.2757886461165525e-05,0.0,0.0
542,faction,1,3.2757886461165525e-05,0.0,0.0
493,convincing,1,3.2757886461165525e-05,0.0,0.0
544,entities,1,3.2757886461165525e-05,0.0,0.0
537,establishing,1,3.2757886461165525e-05,0.0,0.0
492,improvement,1,3.2757886461165525e-05,0.0,0.0
547,extensively,1,3.2757886461165525e-05,0.0,0.0
548,responded,1,3.2757886461165525e-05,0.0,0.0
549,customize,1,3.2757886461165525e-05,0.0,0.0
550,ipsos,1,3.2757886461165525e-05,0.0,0.0
489,procedural,1,3.2757886461165525e-05,0.0,0.0
488,twisting,1,3.2757886461165525e-05,0.0,0.0
487,listed,1,3.2757886461165525e-05,0.0,0.0
490,ultraviolet,1,3.2757886461165525e-05,0.0,0.0
482,total,1,3.2757886461165525e-05,0.0,0.0
497,included,1,3.2757886461165525e-05,0.0,0.0
534,hajar,1,3.2757886461165525e-05,0.0,0.0
511,jobs,1,3.2757886461165525e-05,0.0,0.0
510,stakeholders,1,3.2757886461165525e-05,0.0,0.0
518,euthanasia,1,3.2757886461165525e-05,0.0,0.0
519,xploring,1,3.2757886461165525e-05,0.0,0.0
509,avenues,1,3.2757886461165525e-05,0.0,0.0
522,pharmacology,1,3.2757886461165525e-05,0.0,0.0
506,genes,1,3.2757886461165525e-05,0.0,0.0
498,contributed,1,3.2757886461165525e-05,0.0,0.0
505,practices,1,3.2757886461165525e-05,0.0,0.0
504,ideal,1,3.2757886461165525e-05,0.0,0.0
527,carry,1,3.2757886461165525e-05,0.0,0.0
529,introduction,1,3.2757886461165525e-05,0.0,0.0
530,trustabl,1,3.2757886461165525e-05,0.0,0.0
531,changing,1,3.2757886461165525e-05,0.0,0.0
499,continue,1,3.2757886461165525e-05,0.0,0.0
533,opportunities,1,3.2757886461165525e-05,0.0,0.0
525,causing,1,3.2757886461165525e-05,0.0,0.0
685,measured,1,3.2757886461165525e-05,0.0,0.0
556,predictive,1,3.2757886461165525e-05,0.0,0.0
558,institutions,1,3.2757886461165525e-05,0.0,0.0
583,wiley,1,3.2757886461165525e-05,0.0,0.0
584,imperative,1,3.2757886461165525e-05,0.0,0.0
453,opinions,1,3.2757886461165525e-05,0.0,0.0
586,association,1,3.2757886461165525e-05,0.0,0.0
452,done,1,3.2757886461165525e-05,0.0,0.0
449,liver,1,3.2757886461165525e-05,0.0,0.0
589,situation,1,3.2757886461165525e-05,0.0,0.0
454,emerging,1,3.2757886461165525e-05,0.0,0.0
590,hand,1,3.2757886461165525e-05,0.0,0.0
1183,decades,1,3.2757886461165525e-05,0.0,0.0
593,member,1,3.2757886461165525e-05,0.0,0.0
594,creating,1,3.2757886461165525e-05,0.0,0.0
447,prohibits,1,3.2757886461165525e-05,0.0,0.0
446,box,1,3.2757886461165525e-05,0.0,0.0
597,corresponding,1,3.2757886461165525e-05,0.0,0.0
598,sophisticated,1,3.2757886461165525e-05,0.0,0.0
448,resolution,1,3.2757886461165525e-05,0.0,0.0
557,firats,1,3.2757886461165525e-05,0.0,0.0
581,infectious,1,3.2757886461165525e-05,0.0,0.0
459,elaborate,1,3.2757886461165525e-05,0.0,0.0
481,anonymous,1,3.2757886461165525e-05,0.0,0.0
480,direction,1,3.2757886461165525e-05,0.0,0.0
562,amount,1,3.2757886461165525e-05,0.0,0.0
476,firms,1,3.2757886461165525e-05,0.0,0.0
564,growing,1,3.2757886461165525e-05,0.0,0.0
565,meantime,1,3.2757886461165525e-05,0.0,0.0
566,cases,1,3.2757886461165525e-05,0.0,0.0
458,menache,1,3.2757886461165525e-05,0.0,0.0
473,characterized,1,3.2757886461165525e-05,0.0,0.0
472,employ,1,3.2757886461165525e-05,0.0,0.0
570,become,1,3.2757886461165525e-05,0.0,0.0
466,barriers,1,3.2757886461165525e-05,0.0,0.0
575,accurate,1,3.2757886461165525e-05,0.0,0.0
576,politics,1,3.2757886461165525e-05,0.0,0.0
463,united,1,3.2757886461165525e-05,0.0,0.0
461,bracken,1,3.2757886461165525e-05,0.0,0.0
568,evaluations,1,3.2757886461165525e-05,0.0,0.0
249,discoveries,1,3.2757886461165525e-05,0.0,0.0
686,challeng,1,3.2757886461165525e-05,0.0,0.0
689,provides,1,3.2757886461165525e-05,0.0,0.0
803,opponents,1,3.2757886461165525e-05,0.0,0.0
294,forward,1,3.2757886461165525e-05,0.0,0.0
293,disagrees,1,3.2757886461165525e-05,0.0,0.0
806,became,1,3.2757886461165525e-05,0.0,0.0
807,means,1,3.2757886461165525e-05,0.0,0.0
286,skilled,1,3.2757886461165525e-05,0.0,0.0
283,pdf,1,3.2757886461165525e-05,0.0,0.0
811,embryonic,1,3.2757886461165525e-05,0.0,0.0
812,workers,1,3.2757886461165525e-05,0.0,0.0
281,gravity,1,3.2757886461165525e-05,0.0,0.0
280,analyzed,1,3.2757886461165525e-05,0.0,0.0
815,past,1,3.2757886461165525e-05,0.0,0.0
816,fabrication,1,3.2757886461165525e-05,0.0,0.0
817,terms,1,3.2757886461165525e-05,0.0,0.0
818,shift,1,3.2757886461165525e-05,0.0,0.0
802,undertaken,1,3.2757886461165525e-05,0.0,0.0
295,advocate,1,3.2757886461165525e-05,0.0,0.0
799,dk,1,3.2757886461165525e-05,0.0,0.0
297,interventions,1,3.2757886461165525e-05,0.0,0.0
779,loew,1,3.2757886461165525e-05,0.0,0.0
782,integrated,1,3.2757886461165525e-05,0.0,0.0
783,skin,1,3.2757886461165525e-05,0.0,0.0
304,american,1,3.2757886461165525e-05,0.0,0.0
786,had,1,3.2757886461165525e-05,0.0,0.0
302,asphyxiation,1,3.2757886461165525e-05,0.0,0.0
301,categories,1,3.2757886461165525e-05,0.0,0.0
279,growth,1,3.2757886461165525e-05,0.0,0.0
300,rank,1,3.2757886461165525e-05,0.0,0.0
791,decreasing,1,3.2757886461165525e-05,0.0,0.0
298,g3387,1,3.2757886461165525e-05,0.0,0.0
793,unwanted,1,3.2757886461165525e-05,0.0,0.0
794,identical,1,3.2757886461165525e-05,0.0,0.0
795,remediation,1,3.2757886461165525e-05,0.0,0.0
796,strictness,1,3.2757886461165525e-05,0.0,0.0
797,notes,1,3.2757886461165525e-05,0.0,0.0
299,doctors,1,3.2757886461165525e-05,0.0,0.0
821,introduce,1,3.2757886461165525e-05,0.0,0.0
822,race,1,3.2757886461165525e-05,0.0,0.0
823,considered,1,3.2757886461165525e-05,0.0,0.0
263,html,1,3.2757886461165525e-05,0.0,0.0
847,professionals,1,3.2757886461165525e-05,0.0,0.0
848,close,1,3.2757886461165525e-05,0.0,0.0
513,elements,1,3.2757886461165525e-05,0.0,0.0
261,students,1,3.2757886461165525e-05,0.0,0.0
257,submit,1,3.2757886461165525e-05,0.0,0.0
854,predictions,1,3.2757886461165525e-05,0.0,0.0
264,compares,1,3.2757886461165525e-05,0.0,0.0
855,natural,1,3.2757886461165525e-05,0.0,0.0
858,basketter,1,3.2757886461165525e-05,0.0,0.0
859,drosophila,1,3.2757886461165525e-05,0.0,0.0
860,divisive,1,3.2757886461165525e-05,0.0,0.0
861,germain,1,3.2757886461165525e-05,0.0,0.0
862,irritation,1,3.2757886461165525e-05,0.0,0.0
863,daneshian,1,3.2757886461165525e-05,0.0,0.0
864,regulations,1,3.2757886461165525e-05,0.0,0.0
251,files,1,3.2757886461165525e-05,0.0,0.0
310,emanate,1,3.2757886461165525e-05,0.0,0.0
844,especially,1,3.2757886461165525e-05,0.0,0.0
842,sima,1,3.2757886461165525e-05,0.0,0.0
277,disapproves,1,3.2757886461165525e-05,0.0,0.0
276,merely,1,3.2757886461165525e-05,0.0,0.0
826,beneficial,1,3.2757886461165525e-05,0.0,0.0
275,devices,1,3.2757886461165525e-05,0.0,0.0
828,scowen,1,3.2757886461165525e-05,0.0,0.0
829,treatments,1,3.2757886461165525e-05,0.0,0.0
831,cannot,1,3.2757886461165525e-05,0.0,0.0
265,minded,1,3.2757886461165525e-05,0.0,0.0
832,essentially,1,3.2757886461165525e-05,0.0,0.0
271,world,1,3.2757886461165525e-05,0.0,0.0
270,authors,1,3.2757886461165525e-05,0.0,0.0
837,too,1,3.2757886461165525e-05,0.0,0.0
269,technology,1,3.2757886461165525e-05,0.0,0.0
839,majorly,1,3.2757886461165525e-05,0.0,0.0
840,organisms,1,3.2757886461165525e-05,0.0,0.0
841,sugioka,1,3.2757886461165525e-05,0.0,0.0
834,pound,1,3.2757886461165525e-05,0.0,0.0
776,crucial,1,3.2757886461165525e-05,0.0,0.0
314,euthanizing,1,3.2757886461165525e-05,0.0,0.0
315,keywords,1,3.2757886461165525e-05,0.0,0.0
713,chemicals,1,3.2757886461165525e-05,0.0,0.0
714,notably,1,3.2757886461165525e-05,0.0,0.0
359,ingestion,1,3.2757886461165525e-05,0.0,0.0
356,appropriate,1,3.2757886461165525e-05,0.0,0.0
717,agreement,1,3.2757886461165525e-05,0.0,0.0
718,environments,1,3.2757886461165525e-05,0.0,0.0
355,increasingly,1,3.2757886461165525e-05,0.0,0.0
361,fcas,1,3.2757886461165525e-05,0.0,0.0
353,procure,1,3.2757886461165525e-05,0.0,0.0
352,ethnicity,1,3.2757886461165525e-05,0.0,0.0
723,allow,1,3.2757886461165525e-05,0.0,0.0
724,compliance,1,3.2757886461165525e-05,0.0,0.0
351,indian,1,3.2757886461165525e-05,0.0,0.0
726,altex,1,3.2757886461165525e-05,0.0,0.0
349,triggered,1,3.2757886461165525e-05,0.0,0.0
348,pereira,1,3.2757886461165525e-05,0.0,0.0
721,developing,1,3.2757886461165525e-05,0.0,0.0
347,derg,1,3.2757886461165525e-05,0.0,0.0
711,frey,1,3.2757886461165525e-05,0.0,0.0
707,functional,1,3.2757886461165525e-05,0.0,0.0
377,occur,1,3.2757886461165525e-05,0.0,0.0
691,publication,1,3.2757886461165525e-05,0.0,0.0
375,manipulation,1,3.2757886461165525e-05,0.0,0.0
693,apr,1,3.2757886461165525e-05,0.0,0.0
374,irishtimes,1,3.2757886461165525e-05,0.0,0.0
373,modelling,1,3.2757886461165525e-05,0.0,0.0
372,china,1,3.2757886461165525e-05,0.0,0.0
364,nurses,1,3.2757886461165525e-05,0.0,0.0
697,grown,1,3.2757886461165525e-05,0.0,0.0
699,developments,1,3.2757886461165525e-05,0.0,0.0
368,adler,1,3.2757886461165525e-05,0.0,0.0
367,organs,1,3.2757886461165525e-05,0.0,0.0
366,core,1,3.2757886461165525e-05,0.0,0.0
365,manifested,1,3.2757886461165525e-05,0.0,0.0
705,fj,1,3.2757886461165525e-05,0.0,0.0
706,avicen,1,3.2757886461165525e-05,0.0,0.0
370,play,1,3.2757886461165525e-05,0.0,0.0
688,role,1,3.2757886461165525e-05,0.0,0.0
730,succ,1,3.2757886461165525e-05,0.0,0.0
732,minimal,1,3.2757886461165525e-05,0.0,0.0
757,dna,1,3.2757886461165525e-05,0.0,0.0
758,negative,1,3.2757886461165525e-05,0.0,0.0
326,adds,1,3.2757886461165525e-05,0.0,0.0
325,social,1,3.2757886461165525e-05,0.0,0.0
323,explore,1,3.2757886461165525e-05,0.0,0.0
762,laser,1,3.2757886461165525e-05,0.0,0.0
763,eeded,1,3.2757886461165525e-05,0.0,0.0
756,steadily,1,3.2757886461165525e-05,0.0,0.0
321,proven,1,3.2757886461165525e-05,0.0,0.0
320,tasked,1,3.2757886461165525e-05,0.0,0.0
767,center,1,3.2757886461165525e-05,0.0,0.0
768,inclusion,1,3.2757886461165525e-05,0.0,0.0
319,manual,1,3.2757886461165525e-05,0.0,0.0
770,sarvari,1,3.2757886461165525e-05,0.0,0.0
771,strong,1,3.2757886461165525e-05,0.0,0.0
316,acts,1,3.2757886461165525e-05,0.0,0.0
765,committees,1,3.2757886461165525e-05,0.0,0.0
731,antibiotics,1,3.2757886461165525e-05,0.0,0.0
755,suspected,1,3.2757886461165525e-05,0.0,0.0
330,none,1,3.2757886461165525e-05,0.0,0.0
733,regulated,1,3.2757886461165525e-05,0.0,0.0
345,cud,1,3.2757886461165525e-05,0.0,0.0
344,numerous,1,3.2757886461165525e-05,0.0,0.0
342,levels,1,3.2757886461165525e-05,0.0,0.0
340,demrba,1,3.2757886461165525e-05,0.0,0.0
336,decapitation,1,3.2757886461165525e-05,0.0,0.0
335,ways,1,3.2757886461165525e-05,0.0,0.0
753,difficult,1,3.2757886461165525e-05,0.0,0.0
742,sufficiently,1,3.2757886461165525e-05,0.0,0.0
744,chiapperino,1,3.2757886461165525e-05,0.0,0.0
745,care,1,3.2757886461165525e-05,0.0,0.0
746,illinois,1,3.2757886461165525e-05,0.0,0.0
747,existence,1,3.2757886461165525e-05,0.0,0.0
334,believed,1,3.2757886461165525e-05,0.0,0.0
332,conversely,1,3.2757886461165525e-05,0.0,0.0
750,saw,1,3.2757886461165525e-05,0.0,0.0
743,cressey,1,3.2757886461165525e-05,0.0,0.0
1184,twentieth,1,3.2757886461165525e-05,0.0,0.0
